log(n),log(m),log(q),sigma,log(p_simple),p_simple,p_double
10,13,32,6.400000,9,991,929
10,14,32,6.400000,9,833,781
10,15,32,6.400000,9,701,657
10,16,32,6.400000,9,589,552
10,17,32,6.400000,8,495,464
10,18,32,6.400000,8,416,390
10,19,32,6.400000,8,350,328
10,20,32,6.400000,8,294,276
10,21,32,6.400000,7,247,231
